id,objeto,estado,categoria,tipo_procedimiento,comprador,valor_estimado,monto_adjudicado,monto_contratado,moneda,n_adjudicaciones,n_proveedores,proveedor,proveedores,fecha_publicacion,fecha_adjudicacion,fecha_contrato,url_muni
ocds-03ad3f-417219-1,ADQUISICION DE PRECINTAS AUTOADHESIVAS Y TARJETAS EN PVC PARA LA DIRECCION GENERAL DE LA POLICIA MUNICIPAL,complete,goods,Contratación Directa,Municipalidad de Asunción,194850000,195615000,195615000,PYG,1,1,WINNER S. R. L.,WINNER S. R. L.,2022-10-11T18:01:13-04:00,2022-11-24T12:00:00-04:00,2023-01-13T12:00:00-04:00,https://www.contrataciones.gov.py/licitaciones/convocatoria/417219-adquisicion-precintas-autoadhesivas-tarjetas-pvc-direccion-general-policia-municipal-1.html
ocds-03ad3f-413451-1,"ADQUISICION DE MAQUINARIAS, REPUESTOS Y HERRAMIENTAS PARA MANTENIMIENTO DE LA COSTANERA DE ASUNCION",complete,goods,Contratación Directa,Municipalidad de Asunción,175797932,135325000,135325000,PYG,1,1,T - MAX SA,T - MAX SA,2022-09-28T18:59:40-04:00,2022-12-01T12:00:00-04:00,2023-02-03T12:00:00-04:00,https://www.contrataciones.gov.py/licitaciones/convocatoria/413451-adquisicion-maquinarias-repuestos-herramientas-mantenimiento-costanera-asuncion-1.html
ocds-03ad3f-415833-1,SERVICIO DE CONSULTORIA PARA LA ELABORACION DEL ANTEPROYECTO DE UN PLAN DE ACCION PARA LA CLAUSURA DEL RELLENO SANITARIO CATEURA,complete,services,Contratación por Excepción,Municipalidad de Asunción,1558912688,1558912688,1558912688,PYG,1,1,CONTROL S.A.,CONTROL S.A.,2022-07-01T14:58:32-04:00,2022-10-26T12:00:00-04:00,2023-02-15T12:00:00-04:00,https://www.contrataciones.gov.py/licitaciones/convocatoria/415833-servicio-consultoria-elaboracion-anteproyecto-plan-accion-clausura-relleno-sanitario-1.html
ocds-03ad3f-417405-1,Adquisición de maquinarias para el Departamento de Mantenimiento,complete,goods,Contratación Directa,Municipalidad de Asunción,192696002,4670244,4670244,PYG,1,1,FERRETERIA INDUSTRIAL SAE (FISAE),FERRETERIA INDUSTRIAL SAE (FISAE),2022-09-17T13:54:01-04:00,2022-11-24T12:00:00-04:00,2023-01-18T12:00:00-04:00,https://www.contrataciones.gov.py/licitaciones/convocatoria/417405-adquisicion-maquinarias-departamento-mantenimiento-1.html
ocds-03ad3f-390800-1,MEJORAMIENTO DE ÁREAS DEL BLOQUE C,complete,works,Contratación Directa,Municipalidad de Asunción,148900000,148900000,148900000,PYG,1,1,MARCOS MANUEL DUARTE ARGUELLO,MARCOS MANUEL DUARTE ARGUELLO,2021-10-19T16:02:19-04:00,2022-12-26T12:00:00-04:00,2023-01-30T12:00:00-04:00,https://www.contrataciones.gov.py/licitaciones/convocatoria/390800-mejoramiento-areas-bloque-c-1.html
ocds-03ad3f-415452-1,Adquisición de Electrodomésticos,complete,goods,Contratación Directa,Municipalidad de Asunción,35375142,9000000,9000000,PYG,1,1,VICTOR HERIBERTO BLANCO VARGAS,VICTOR HERIBERTO BLANCO VARGAS,2022-09-05T07:36:57-04:00,2022-11-29T12:00:00-04:00,2023-02-17T12:00:00-04:00,https://www.contrataciones.gov.py/licitaciones/convocatoria/415452-adquisicion-electrodomesticos-1.html
ocds-03ad3f-418421-1,"SERVICIO DE CONSULTORIA INDIVIDUAL PARA OBTENCION DE LICENCIA AMBIENTAL PARA EL PROYECTO DENOMINADO GESTION INTEGRAL DE RESIDUOS SOLIDOS URBANOS, RECEPCION, SEGREGACION, TRANSPORTE, DISPOSICION FINAL Y CONSTRUCCION DE ESTACION DE TRANSFERENCIA EN EL RELLENO SANITARIO CATEURA - PLURIANUAL",complete,services,Contratación Directa,Municipalidad de Asunción,193833333,175000000,175000000,PYG,1,1,CARLOS EDUARDO SAMUDIO DOMINGUEZ,CARLOS EDUARDO SAMUDIO DOMINGUEZ,2022-10-04T17:52:42-04:00,2023-01-26T12:00:00-04:00,2023-02-24T12:00:00-04:00,https://www.contrataciones.gov.py/licitaciones/convocatoria/418421-servicio-consultoria-individual-obtencion-licencia-ambiental-proyecto-denominado-ges-1.html
ocds-03ad3f-420356-1,"SERVICIO DE CONSULTORIA PARA EL DESARROLLO DEL PROYECTO EJECUTIVO PARA EL SISTEMA DE PREVENCION CONTRA INCENDIOS DE LOS EDIFICIOS DEL TEATRO MUNICIPAL, CENTRO PARAGUAYO JAPONES, MANZANA DE LA RIVERA Y CENTRO CULTURAL LOMA SAN JERONIMO - PLURIANUAL",complete,services,Contratación Directa,Municipalidad de Asunción,195490834,195490834,195490834,PYG,1,1,GUILLERMO ANIBAL ARIAS RIOS,GUILLERMO ANIBAL ARIAS RIOS,2022-10-31T15:36:14-04:00,2023-02-28T12:00:00-04:00,2023-03-21T12:00:00-04:00,https://www.contrataciones.gov.py/licitaciones/convocatoria/420356-servicio-consultoria-desarrollo-proyecto-ejecutivo-sistema-prevencion-incendios-edif-1.html
ocds-03ad3f-413108-1,DESAGUE PLUVIAL DE VARIAS CALLES DE LA CIUDAD DE ASUNCION - PLURIANUAL,complete,works,Licitación Pública Nacional,Municipalidad de Asunción,1322650187,1454915401,1454915401,PYG,1,1,TECO SOCIEDAD DE RESPONSABILIDAD LIMITADA ,TECO SOCIEDAD DE RESPONSABILIDAD LIMITADA ,2022-09-13T10:19:59-04:00,2022-11-24T12:00:00-04:00,2023-03-21T12:00:00-04:00,https://www.contrataciones.gov.py/licitaciones/convocatoria/413108-desague-pluvial-calles-ciudad-asuncion-plurianual-1.html
ocds-03ad3f-417862-1,ADQUISICION DE LICENCIAS DE ANTIVIRUS CORPORATIVO KASPERSKY,complete,goods,Contratación Directa,Municipalidad de Asunción,192399600,192000000,192000000,PYG,1,1,Corporation Sekiura S.A.C.E.I,Corporation Sekiura S.A.C.E.I,2022-11-10T08:27:01-04:00,2023-01-26T12:00:00-04:00,2023-02-23T12:00:00-04:00,https://www.contrataciones.gov.py/licitaciones/convocatoria/417862-adquisicion-licencias-antivirus-corporativo-kaspersky-1.html
ocds-03ad3f-419675-1,Adquisición de Aire Acondicionado Central para Planta Alta y Planta Baja de la Terminal de Ómnibus de Asunción,complete,goods,Contratación por Excepción,Municipalidad de Asunción,3732506605,3489505831,3489505831,PYG,1,1,Consorcio Terminal,Consorcio Terminal,2022-11-16T16:34:31-04:00,2022-12-30T12:00:00-04:00,2023-02-23T12:00:00-04:00,https://www.contrataciones.gov.py/licitaciones/convocatoria/419675-adquisicion-aire-acondicionado-central-planta-alta-planta-baja-terminal-omnibus-asun-1.html
ocds-03ad3f-417154-1,"SERVICIO DE CARTELERIA, PLOTEADO Y SERIGRAFIA PARA LA DIRECCION GENERAL DE COMUNICACION - PLURIANUAL",complete,services,Contratación Directa,Municipalidad de Asunción,160000000,160000000,160000000,PYG,1,1,EDUARDO EULOGIO VERON CARDOZO,EDUARDO EULOGIO VERON CARDOZO,2022-11-10T15:56:59-04:00,2023-01-26T12:00:00-04:00,2023-02-20T12:00:00-04:00,https://www.contrataciones.gov.py/licitaciones/convocatoria/417154-servicio-carteleria-ploteado-serigrafia-direccion-general-comunicacion-plurianual-1.html
ocds-03ad3f-418646-1,ADQUISICION DE IMPRESORAS LASER MONOCROMATICAS,complete,goods,Contratación Directa,Municipalidad de Asunción,193770000,193770000,193770000,PYG,1,1,PRINTEC SA,PRINTEC SA,2022-10-24T18:59:48-04:00,2023-03-06T12:00:00-04:00,2023-03-29T12:00:00-04:00,https://www.contrataciones.gov.py/licitaciones/convocatoria/418646-adquisicion-impresoras-laser-monocromaticas-1.html
ocds-03ad3f-404493-1,ADQUISICION DE PINTURA VIAL PARA LA DIRECCION DE VIALIDAD - PLURIANUAL,complete,goods,Licitación Pública Nacional,Municipalidad de Asunción,1119186351,1029028000,1029028000,PYG,1,1,JOSE ARNALDO PEREIRA CARDENA,JOSE ARNALDO PEREIRA CARDENA,2022-09-13T14:58:31-04:00,2022-12-30T12:00:00-04:00,2023-01-27T12:00:00-04:00,https://www.contrataciones.gov.py/licitaciones/convocatoria/404493-adquisicion-pintura-vial-direccion-vialidad-plurianual-1.html
ocds-03ad3f-410131-1,ADQUISICION DE EXTINTORES PARA EL PALACETE MUNICIPAL,complete,goods,Contratación Directa,Municipalidad de Asunción,176000000,176000000,176000000,PYG,1,1,CEGA INDUSTRIAL S.A.,CEGA INDUSTRIAL S.A.,2022-07-11T14:27:51-04:00,2022-11-24T12:00:00-04:00,2023-02-10T12:00:00-04:00,https://www.contrataciones.gov.py/licitaciones/convocatoria/410131-adquisicion-extintores-palacete-municipal-1.html
ocds-03ad3f-410869-1,ADQUISICION DE EXTINTORES PARA LA DIRECCION DE SERVICIOS URBANOS,complete,goods,Contratación Directa,Municipalidad de Asunción,80350030,69730000,69730000,PYG,1,1,FIRE MASTER SRL,FIRE MASTER SRL,2022-10-24T14:40:52-04:00,2023-03-30T12:00:00-04:00,2023-04-25T12:00:00-04:00,https://www.contrataciones.gov.py/licitaciones/convocatoria/410869-adquisicion-extintores-direccion-servicios-urbanos-1.html
ocds-03ad3f-400027-1,ADQUISICION DE CEMENTO ASFALTICO PARA LA DIRECCION DE VIALIDAD - PLURIANUAL,complete,goods,Licitación Pública Nacional,Municipalidad de Asunción,27009999000,10639200000,10639200000,PYG,1,1,COMPAÑIA DE PETROLEO Y ASFALTO S.A. (COMPASA),COMPAÑIA DE PETROLEO Y ASFALTO S.A. (COMPASA),2022-04-26T11:34:31-04:00,2023-02-01T12:00:00-04:00,2023-03-06T12:00:00-04:00,https://www.contrataciones.gov.py/licitaciones/convocatoria/400027-adquisicion-cemento-asfaltico-direccion-vialidad-plurianual-ad-referendum-1.html
ocds-03ad3f-420397-2,ADQUISICION DE CANALIZADORES DE TRANSITO - SEGUNDO LLAMADO,complete,goods,Contratación Directa,Municipalidad de Asunción,179741750,145000000,145000000,PYG,1,1,SYOPAR S.A.,SYOPAR S.A.,2023-02-02T08:42:03-04:00,2023-03-22T12:00:00-04:00,2023-04-19T12:00:00-04:00,https://www.contrataciones.gov.py/licitaciones/convocatoria/420397-adquisicion-canalizadores-transito-segundo-llamado-3.html
ocds-03ad3f-399756-1,ADQUISICION DE EMULSION ASFALTICA ROTURA RAPIDA TIPO RR1C - PLURIANUAL.,complete,goods,Licitación Pública Nacional,Municipalidad de Asunción,5369066400,2952000000,1968000000,PYG,1,1,COMPAÑIA DE PETROLEO Y ASFALTO S.A. (COMPASA),COMPAÑIA DE PETROLEO Y ASFALTO S.A. (COMPASA),2022-10-31T20:15:57-04:00,2023-02-08T12:00:00-04:00,2023-03-06T12:00:00-04:00,https://www.contrataciones.gov.py/licitaciones/convocatoria/399756-adquisicion-emulsion-asfaltica-rotura-rapida-tipo-rr1c-plurianual-1.html
ocds-03ad3f-412457-1,SERVICIO DE MANTENIMIENTO Y REPARACIÓN CON PROVISIÓN DE REPUESTOS PARA LAS MAQUINAS CATERPILLAR DEL MERCADO DE ABASTO,complete,services,Contratación por Excepción,Municipalidad de Asunción,15469236,16428404,16428404,PYG,1,1,S.A.C.I. H. PETERSEN,S.A.C.I. H. PETERSEN,2022-09-23T15:28:07-04:00,2023-03-15T12:00:00-04:00,2023-04-19T12:00:00-04:00,https://www.contrataciones.gov.py/licitaciones/convocatoria/412457-servicio-mantenimiento-reparacion-provision-repuestos-maquinas-caterpillar-mercado-1.html
ocds-03ad3f-405072-1,ADQUISICION DE SILLON Y COMPRESOR PARA USO ODONTOLOGICO PARA EL POLICLINICO MUNICIPAL,complete,goods,Contratación Directa,Municipalidad de Asunción,169906002,139800000,139800000,PYG,1,1,DENTAL GUARANI SA,DENTAL GUARANI SA,2022-08-06T10:09:03-04:00,2023-04-17T12:00:00-04:00,2023-05-11T12:00:00-04:00,https://www.contrataciones.gov.py/licitaciones/convocatoria/405072-adquisicion-sillon-compresor-uso-odontologico-policlinico-municipal-1.html
ocds-03ad3f-430451-1,SERVICIO DE DESESTIBA Y MOVILIZACION DE CONTENEDORES,complete,services,Contratación Directa,Municipalidad de Asunción,74805304,70000000,70000000,PYG,1,1,CARLOS HERNAN OVIEDO VERA ,CARLOS HERNAN OVIEDO VERA ,2023-04-12T12:15:38-04:00,2023-04-25T12:00:00-04:00,2023-05-11T12:00:00-04:00,https://www.contrataciones.gov.py/licitaciones/convocatoria/430451-servicio-desestiba-movilizacion-contenedores-1.html
ocds-03ad3f-419068-1,ADQUISICION DE UNIFORMES PARA FUNCIONARIOS DE LOS CENTROS MUNICIPALES,complete,goods,Contratación Directa,Municipalidad de Asunción,193333500,68000000,68000000,PYG,1,1,AO POTI S.A.,AO POTI S.A.,2022-10-26T18:15:04-04:00,2023-03-22T12:00:00-04:00,2023-05-04T12:00:00-04:00,https://www.contrataciones.gov.py/licitaciones/convocatoria/419068-adquisicion-uniformes-funcionarios-centros-municipales-1.html
ocds-03ad3f-416769-1,ADQUISICION DE KITS DE ALIMENTOS PARA VICTIMAS DE YCUA BOLAÑOS - AD REFERENDUM,complete,goods,Contratación Directa,Municipalidad de Asunción,195973926,196167690,196167690,PYG,1,1,MARILIA INDUSTRIAL SRL,MARILIA INDUSTRIAL SRL,2022-12-22T14:38:10-04:00,2023-04-17T12:00:00-04:00,2023-05-09T12:00:00-04:00,https://www.contrataciones.gov.py/licitaciones/convocatoria/416769-adquisicion-kits-alimentos-victimas-ycua-bolanos-ad-referendum-1.html
ocds-03ad3f-390512-1,ADQUISICIÓN DE CAMIÓN LEVANTA CONTENEDOR PARA LA DAMA,complete,goods,Concurso de Ofertas,Municipalidad de Asunción,840000000,938000000,938000000,PYG,1,1,RODOMAQ S.A,RODOMAQ S.A,2022-09-01T15:05:25-04:00,2023-03-31T12:00:00-04:00,2023-05-09T12:00:00-04:00,https://www.contrataciones.gov.py/licitaciones/convocatoria/390512-adquisicion-camion-levanta-contenedor-dama-1.html
ocds-03ad3f-391189-1,SERVICIO DE RELEVAMIENTO TOPOGRAFICO SOBRE SITUACION DE HECHO DE LOTES MUNICIPALES EN LA CIUDAD DE ASUNCION,complete,services,Concurso de Ofertas,Municipalidad de Asunción,650000000,650000000,650000000,PYG,1,1,CARLOS RUBEN LOPEZ AREVALO,CARLOS RUBEN LOPEZ AREVALO,2022-11-01T19:34:13-04:00,2023-03-10T12:00:00-04:00,2023-04-10T12:00:00-04:00,https://www.contrataciones.gov.py/licitaciones/convocatoria/391189-servicio-relevamiento-topografico-situacion-hecho-lotes-municipales-ciudad-asuncion-1.html
ocds-03ad3f-408820-1,ADQUISICION DE CARRETILLAS Y CARRITOS PARA BARRENDEROS,complete,goods,Contratación Directa,Municipalidad de Asunción,164749975,165110000,165110000,PYG,1,1,OSCAR MANUEL LESME VILLASBOA,OSCAR MANUEL LESME VILLASBOA,2022-06-06T13:19:47-04:00,2023-05-05T12:00:00-04:00,2023-05-26T12:00:00-04:00,https://www.contrataciones.gov.py/licitaciones/convocatoria/408820-adquisicion-carretillas-carritos-barrenderos-1.html
ocds-03ad3f-423413-1,ADQUISICION DE ESCOBILLONES PARA USO EN CENTROS MUNICIPALES,complete,goods,Contratación Directa,Municipalidad de Asunción,55000000,55000000,55000000,PYG,1,1,JOSE ARNALDO PEREIRA CARDENA,JOSE ARNALDO PEREIRA CARDENA,2023-03-22T15:43:03-04:00,2023-05-31T12:00:00-04:00,2023-06-26T12:00:00-04:00,https://www.contrataciones.gov.py/licitaciones/convocatoria/423413-adquisicion-escobillones-uso-centros-municipales-1.html
ocds-03ad3f-421856-1,ADQUISICION DE TANQUE CISTERNA DE METAL PARA AGUA - AD REFERENDUM,unsuccessful,goods,Contratación Directa,Municipalidad de Asunción,57000000,,,PYG,0,0,,,2023-01-17T09:53:32-04:00,,,https://www.contrataciones.gov.py/licitaciones/convocatoria/421856-adquisicion-tanque-cisterna-metal-agua-ad-referendum-1.html
ocds-03ad3f-417710-1,SERVICIO DE CATERING PARA EVENTOS Y ACTIVIDADES INSTITUCIONALES,cancelled,services,Contratación Directa,Municipalidad de Asunción,160000000,,,PYG,0,0,,,2023-02-13T14:16:10-04:00,,,https://www.contrataciones.gov.py/licitaciones/convocatoria/417710-servicio-catering-eventos-actividades-institucionales-1.html
ocds-03ad3f-401659-2,ADQUISICION DE VACUNAS ANTIRRABICAS PARA DIRECCION DE DEFENSA AL CONSUMIDOR - SEGUNDO LLAMADO,unsuccessful,goods,Contratación Directa,Municipalidad de Asunción,50385500,,,PYG,0,0,,,2023-02-02T12:52:10-04:00,,,https://www.contrataciones.gov.py/licitaciones/convocatoria/401659-adquisicion-vacunas-antirrabicas-direccion-defensa-consumidor-segundo-llamado-3.html
ocds-03ad3f-420859-1,ALQUILER DE INMUEBLE PARA FUNCIONAMIENTO DEL CENTRO MUNICIPAL Nº 3 JOPOI,complete,services,Locación de Inmuebles,Municipalidad de Asunción,252525000,252525000,252525000,PYG,1,1,SAN PEDRO EMPRENDIMIENTO S.A,SAN PEDRO EMPRENDIMIENTO S.A,2023-06-06T10:00:04-04:00,2023-06-27T10:52:43-04:00,2023-05-31T12:00:00-04:00,https://www.contrataciones.gov.py/licitaciones/convocatoria/420859-alquiler-inmueble-funcionamiento-centro-municipal-n-3-jopoi-1.html
ocds-03ad3f-423126-1,ALQUILER DE LOCAL PARA BOCA DE COBRANZA DE LA DIRECCION DE RECAUDACIONES,complete,services,Locación de Inmuebles,Municipalidad de Asunción,75600000,75600000,75600000,PYG,1,1,CONDOMINIO MARIA TERESA MARTINEZ TABOAS Y OTRO,CONDOMINIO MARIA TERESA MARTINEZ TABOAS Y OTRO,2023-06-05T16:03:53-04:00,2023-06-23T14:44:28-04:00,2023-05-31T12:00:00-04:00,https://www.contrataciones.gov.py/licitaciones/convocatoria/423126-alquiler-local-boca-cobranza-direccion-recaudaciones-1.html
ocds-03ad3f-431910-1, ADQUISICION DE MATERIALES E INSUMOS PARA ASISTENCIA,complete,goods,Contratación por Excepción,Municipalidad de Asunción,1009593600,359090400,56208000,PYG,1,1,BELTROM SA ,BELTROM SA ,2023-05-23T18:20:02-04:00,2023-06-23T14:08:15-04:00,2023-05-09T12:00:00-04:00,https://www.contrataciones.gov.py/licitaciones/convocatoria/431910-adquisicion-materiales-e-insumos-asistencia-1.html
ocds-03ad3f-424097-1,"SERVICIO PORTUARIO, GUARDA Y ALMACENAMIENTO DE BIENES DONADOS POR LA KOICA - PROYECTO ATMS",complete,services,Contratación por Excepción,Municipalidad de Asunción,1045007704,1045007704,1045007704,PYG,1,1,PUERTOS Y ESTIBAJES S.A. ,PUERTOS Y ESTIBAJES S.A. ,2023-05-08T13:36:21-04:00,2023-06-19T12:00:00-04:00,2023-07-06T12:00:00-04:00,https://www.contrataciones.gov.py/licitaciones/convocatoria/424097-servicio-portuario-guarda-almacenamiento-bienes-donados-koica-proyecto-atms-1.html
ocds-03ad3f-416495-1,ALQUILER DE RETROEXCAVADORA PARA LA DIRECCION DE SERVICIOS URBANOS,complete,services,Contratación Directa,Municipalidad de Asunción,167760000,167760000,167760000,PYG,1,1,MARILIA INDUSTRIAL SRL,MARILIA INDUSTRIAL SRL,2022-09-12T15:04:29-04:00,2022-11-23T12:00:00-04:00,2023-01-27T12:00:00-04:00,https://www.contrataciones.gov.py/licitaciones/convocatoria/416495-alquiler-retroexcavadora-direccion-servicios-urbanos-1.html
ocds-03ad3f-432153-1,EMERGENCIA AMBIENTAL Y SANITARIA,complete,goods,Contratación por Excepción,Municipalidad de Asunción,297133270,82352410,130364490,PYG,1,1,M Y F INDUSTRIAL Y COMERCIAL REPRESENTACIONES S.A.,M Y F INDUSTRIAL Y COMERCIAL REPRESENTACIONES S.A.,2023-05-31T15:11:18-04:00,2023-06-23T14:14:18-04:00,2023-05-17T12:00:00-04:00,https://www.contrataciones.gov.py/licitaciones/convocatoria/432153-emergencia-ambiental-sanitaria-1.html
ocds-03ad3f-432162-1,ADQUISICION DE COLCHONES Y FRAZADAS,complete,goods,Contratación por Excepción,Municipalidad de Asunción,388247622,116535568,194123811,PYG,1,1,SAN BENITO ICSA,SAN BENITO ICSA,2023-05-31T15:25:58-04:00,2023-06-23T14:18:03-04:00,2023-05-17T12:00:00-04:00,https://www.contrataciones.gov.py/licitaciones/convocatoria/432162-adquisicion-colchones-frazadas-1.html
ocds-03ad3f-419880-1,ADQUISICION DE REJILLAS PARA SUMIDEROS,complete,goods,Contratación Directa,Municipalidad de Asunción,171437500,161200000,161200000,PYG,1,1,MARIA JULIA PLANAS GOMEZ DE BENITEZ,MARIA JULIA PLANAS GOMEZ DE BENITEZ,2023-01-26T09:34:32-04:00,2023-05-31T12:00:00-04:00,2023-06-26T12:00:00-04:00,https://www.contrataciones.gov.py/licitaciones/convocatoria/419880-adquisicion-rejillas-sumideros-1.html
ocds-03ad3f-338267-2,ADQUISICIÓN DE ALIMENTOS PARA FUNCIONARIOS DE LA DIRECCIÓN DE VIALIDAD,complete,goods,Concurso de Ofertas,Municipalidad de Asunción,408770864,195716526,231302250,PYG,1,1,TAPE PYTA SA,TAPE PYTA SA,2021-09-15T10:43:11-04:00,2022-10-26T12:00:00-04:00,2023-05-16T12:00:00-04:00,https://www.contrataciones.gov.py/licitaciones/convocatoria/338267-adquisicion-alimentos-funcionarios-direccion-vialidad-3.html
ocds-03ad3f-425057-1,ADQUISICION DE CEMENTO PORTLAND PARA LA DIRECCION DE VIALIDAD,complete,goods,Contratación Directa,Municipalidad de Asunción,183051000,169500000,169500000,PYG,1,1,BERNARDA GONZALEZ MORINIGO,BERNARDA GONZALEZ MORINIGO,2023-05-10T17:39:01-04:00,2023-07-20T12:00:00-04:00,2023-08-11T12:00:00-04:00,https://www.contrataciones.gov.py/licitaciones/convocatoria/425057-adquisicion-cemento-portland-direccion-vialidad-1.html
ocds-03ad3f-413165-1,"PROVISIÓN, INSTALACIÓN Y PUESTA EN FUNCIONAMIENTO DE EQUIPOS CONTROLADORES E INSUMOS VARIOS PARA LA RENOVACIÓN DEL SISTEMA SEMAFÓRICO DE LA CIUDAD DE ASUNCIÓN",complete,goods,Licitación Pública Nacional,Municipalidad de Asunción,7058001642,6705101552,6705101552,PYG,1,1,RODRIGUEZ HNOS S.A.E.C.A,RODRIGUEZ HNOS S.A.E.C.A,2023-04-28T15:32:05-04:00,2023-06-26T12:00:00-04:00,2023-08-04T12:00:00-04:00,https://www.contrataciones.gov.py/licitaciones/convocatoria/413165-provision-instalacion-puesta-funcionamiento-equipos-controladores-e-insumos-varios-1.html
ocds-03ad3f-431907-1,"SERVICIO DE ALQUILER DE CAMIONES, MAQUINARIAS Y CONTENEDORES",complete,services,Contratación por Excepción,Municipalidad de Asunción,2000000000,426691200,426691200,PYG,1,1,LORENA BEATRIZ DUARTE GUTIERREZ ,LORENA BEATRIZ DUARTE GUTIERREZ ,2023-05-23T17:20:01-04:00,2023-07-03T14:11:36-04:00,2023-05-09T12:00:00-04:00,https://www.contrataciones.gov.py/licitaciones/convocatoria/431907-servicio-alquiler-camiones-maquinarias-contenedores-1.html
ocds-03ad3f-419806-1,CONSULTORIA PARA LA ELABORACION DE UN PROYECTO EJECUTIVO ARQUITECTONICO Y DE INGENIERIA ,complete,services,Contratación Directa,Municipalidad de Asunción,194442067,194442067,194442067,PYG,1,1,CONSULTORA DE INGENIERIA ALTO PARAGUAY SOCIEDAD ANONIMA,CONSULTORA DE INGENIERIA ALTO PARAGUAY SOCIEDAD ANONIMA,2023-05-22T12:30:00-04:00,2023-07-20T12:00:00-04:00,2023-08-22T12:00:00-04:00,https://www.contrataciones.gov.py/licitaciones/convocatoria/419806-consultoria-elaboracion-proyecto-ejecutivo-arquitectonico-ingenieria-1.html
ocds-03ad3f-415450-1,Adquisición de impresoras y fotocopiadoras,complete,goods,Contratación Directa,Municipalidad de Asunción,19178664,9720000,9720000,PYG,1,1,PRINTEC SA,PRINTEC SA,2022-08-03T15:48:13-04:00,2022-11-11T12:00:00-04:00,2023-01-18T12:00:00-04:00,https://www.contrataciones.gov.py/licitaciones/convocatoria/415450-adquisicion-impresoras-fotocopiadoras-1.html
ocds-03ad3f-417846-1,ALQUILER DE LOCAL PARA USO DE LA UNIDAD DE ATENCION INTEGRAL A VICTIMAS DEL YCUA BOLAÑOS Y DE LA DIRECCION EJECUTIVA DE REGISTRO DE OCUPACION,complete,services,Locación de Inmuebles,Municipalidad de Asunción,125000000,125000000,125000000,PYG,1,1,Higinia del Pilar Calcena de Ahn,Higinia del Pilar Calcena de Ahn,2023-07-18T12:09:40-04:00,2023-08-01T11:19:38-04:00,2023-07-07T12:00:00-04:00,https://www.contrataciones.gov.py/licitaciones/convocatoria/417846-alquiler-local-uso-unidad-atencion-integral-victimas-ycua-bolanos-direccion-ejecutiv-1.html
ocds-03ad3f-410966-1,ADQUISICION DE ALIMENTOS PARA ALBERGUE MUNICIPAL PARA MUJERES VICTIMAS DE VIOLENCIA - PLURIANUAL,cancelled,goods,Contratación Directa,Municipalidad de Asunción,176986040,,,PYG,0,0,,,2023-05-09T10:51:17-04:00,,,https://www.contrataciones.gov.py/licitaciones/convocatoria/410966-adquisicion-alimentos-albergue-municipal-mujeres-victimas-violencia-plurianual-1.html
ocds-03ad3f-407329-1,"CD N° 09/2022 ADQUISICION DE TINTAS Y TONER PARA LA JUNTA MUNICIPAL DE ASUNCION, DEFENSORIA MUNICIPAL Y JUZGADO DE FALTAS",complete,goods,Contratación Directa,Municipalidad de Asunción,156309000,81250000,81250000,PYG,1,1,TECHNO AMERICAN SRL,TECHNO AMERICAN SRL,2022-10-26T15:58:18-04:00,2023-07-20T12:00:00-04:00,2023-08-08T09:00:00-04:00,https://www.contrataciones.gov.py/licitaciones/convocatoria/407329-cd-n-09-2022-adquisicion-tintas-toner-junta-municipal-asuncion-defensoria-municipal-1.html
ocds-03ad3f-417322-1,ADQUISICION DE CONTENEDORES METALICOS DE 5M3 PARA LA DIRECCION DE SERVICIOS URBANOS,complete,goods,Contratación Directa,Municipalidad de Asunción,196000000,189000000,189000000,PYG,1,1,OSCAR MANUEL LESME VILLASBOA,OSCAR MANUEL LESME VILLASBOA,2023-04-11T08:57:03-04:00,2023-07-28T12:00:00-04:00,2023-08-30T12:00:00-04:00,https://www.contrataciones.gov.py/licitaciones/convocatoria/417322-adquisicion-contenedores-metalicos-5m3-direccion-servicios-urbanos-1.html
ocds-03ad3f-408340-1,ADQUISICIÓN DE ARTICULOS DE FERRETERIA PARA LE TERMINAL DE ÓMNIBUS DE ASUNCIÓN,complete,goods,Contratación Directa,Municipalidad de Asunción,129588174,119924800,119924800,PYG,1,1,INVERSIONES PARAGUAY SRL (INVEPAR SRL) ,INVERSIONES PARAGUAY SRL (INVEPAR SRL) ,2022-08-17T15:43:55-04:00,2022-11-24T12:00:00-04:00,2023-09-13T12:00:00-04:00,https://www.contrataciones.gov.py/licitaciones/convocatoria/408340-adquisicion-articulos-ferreteria-le-terminal-omnibus-asuncion-1.html
ocds-03ad3f-426699-1,ADQUISICION DE MOBILIARIO PARA DISTINTAS INSTITUCIONES EDUCATIVAS - FONACIDE,complete,goods,Contratación Directa,Municipalidad de Asunción,193678672,192540000,192540000,PYG,1,1,MARCOS ANTONIO LOPEZ GARCIA,MARCOS ANTONIO LOPEZ GARCIA,2023-07-05T12:20:44-04:00,2023-08-03T12:00:00-04:00,2023-09-06T12:00:00-04:00,https://www.contrataciones.gov.py/licitaciones/convocatoria/426699-adquisicion-mobiliario-distintas-instituciones-educativas-fonacide-1.html
ocds-03ad3f-418062-1,ADQUISICION DE CALZADOS PARA FUNCIONARIOS DAMA,complete,goods,Contratación Directa,Municipalidad de Asunción,130000000,80000000,80000000,PYG,1,1,SALOTEX S.R.L.,SALOTEX S.R.L.,2022-11-04T16:12:09-04:00,2023-08-28T12:00:00-04:00,2023-09-14T12:00:00-04:00,https://www.contrataciones.gov.py/licitaciones/convocatoria/418062-adquisicion-calzados-funcionarios-dama-1.html
ocds-03ad3f-423415-1,ADQUISICION DE PODADORA DE ALTURA Y SOPLADORA PARA CENTROS MUNICIPALES,complete,goods,Contratación Directa,Municipalidad de Asunción,84917756,81680000,81680000,PYG,1,1,JUAN RODRIGUEZ,JUAN RODRIGUEZ,2023-03-23T11:33:45-04:00,2023-08-22T12:00:00-04:00,2023-09-22T12:00:00-04:00,https://www.contrataciones.gov.py/licitaciones/convocatoria/423415-adquisicion-podadora-altura-sopladora-centros-municipales-1.html
ocds-03ad3f-427226-1,"ADQUISICION DE PALAS, MACHETES Y CARRETILLAS PARA LA DIRECCION GENERAL DE AREA SOCIAL",complete,goods,Contratación Directa,Municipalidad de Asunción,86651530,82230500,82230500,PYG,1,1,EMPORIO FERRETERIA S.R.L.,EMPORIO FERRETERIA S.R.L.,2023-06-27T14:24:15-04:00,2023-09-15T12:00:00-04:00,2023-10-10T12:00:00-04:00,https://www.contrataciones.gov.py/licitaciones/convocatoria/427226-adquisicion-palas-machetes-carretillas-direccion-general-area-social-1.html
ocds-03ad3f-411867-1,PROVISIÓN E INSTALACIÓN DE GONDOLAS TIPO ISLA PARA NUEVOS LOCALES COMERCIALES DE LA TERMINAL DE OMNIBUS DE ASUNCIÓN,complete,works,Contratación Directa,Municipalidad de Asunción,195000000,,,PYG,0,0,,,2023-10-09T14:24:46-04:00,,,https://www.contrataciones.gov.py/licitaciones/convocatoria/411867-provision-e-instalacion-gondolas-tipo-isla-nuevos-locales-comerciales-terminal-omnib-1.html
ocds-03ad3f-426777-1,ADQUISICION DE MEDICAMENTOS VARIOS PARA EL JBZA,complete,goods,Contratación Directa,Municipalidad de Asunción,5995877,5994450,5994450,PYG,1,1,MIRIAN ADELAIDA HOPPE MANDIL,MIRIAN ADELAIDA HOPPE MANDIL,2023-07-26T10:45:16-04:00,2023-09-28T12:00:00-04:00,2023-10-11T12:00:00-04:00,https://www.contrataciones.gov.py/licitaciones/convocatoria/426777-adquisicion-medicamentos-varios-jbza-1.html
ocds-03ad3f-420549-1,MANTENIMIENTO Y REPARACIÓN DE EQUIPOS DE AIRE ACONDICIONADO CENTRAL DE LOS BLOQUES A y C -,complete,services,Licitación Pública Nacional,Municipalidad de Asunción,3000000000,3000000000,3000000000,PYG,1,1,Cesar Ortiz Baez,Cesar Ortiz Baez,2023-04-28T12:26:18-04:00,2023-07-31T12:00:00-04:00,2023-08-16T12:00:00-04:00,https://www.contrataciones.gov.py/licitaciones/convocatoria/420549-mantenimiento-reparacion-equipos-aire-acondicionado-central-bloques-c-1.html
ocds-03ad3f-425350-1,ADQUISICION DE FOTOCOPIADORAS PARA EL JBZA,complete,goods,Contratación Directa,Municipalidad de Asunción,11765418,12000000,12000000,PYG,1,1,PRINTEC SA,PRINTEC SA,2023-05-23T14:03:08-04:00,2023-09-15T12:00:00-04:00,2023-10-11T12:00:00-04:00,https://www.contrataciones.gov.py/licitaciones/convocatoria/425350-adquisicion-fotocopiadoras-jbza-1.html
ocds-03ad3f-432089-1,POLARIZADOS PARA EL PALACETE MUNICIPAL.,complete,services,Contratación Directa,Municipalidad de Asunción,195470000,195470000,195470000,PYG,1,1,HERIMARC S.R.L.,HERIMARC S.R.L.,2023-08-11T17:00:52-04:00,2023-09-22T12:00:00-04:00,2023-10-25T12:00:00-04:00,https://www.contrataciones.gov.py/licitaciones/convocatoria/432089-polarizados-palacete-municipal-1.html
ocds-03ad3f-417827-1,MANTENIMIENTO Y REPARACION CON PROVISION DE REPUESTOS DE MINICARGADORES DE LA DIRECCION DE SERVICIOS URBANOS,complete,services,Contratación Directa,Municipalidad de Asunción,190000000,190000000,190000000,PYG,1,1,OSCAR SANTIAGO PRINCIGALLI AREVALO ,OSCAR SANTIAGO PRINCIGALLI AREVALO ,2022-10-25T12:20:50-04:00,2023-02-17T12:00:00-04:00,2023-04-03T12:00:00-04:00,https://www.contrataciones.gov.py/licitaciones/convocatoria/417827-mantenimiento-reparacion-provision-repuestos-minicargadores-direccion-servicios-urba-1.html
ocds-03ad3f-426657-1,ADQUISICION DE CAJAS DE SEGURIDAD BLINDADAS PARA USO EN LAS BOCAS DE COBRANZA MUNICIPALES,complete,goods,Contratación Directa,Municipalidad de Asunción,45600000,42000000,42000000,PYG,1,1,NETSUN S.A.,NETSUN S.A.,2023-07-20T15:05:11-04:00,2023-09-21T12:00:00-04:00,2023-10-18T12:00:00-04:00,https://www.contrataciones.gov.py/licitaciones/convocatoria/426657-adquisicion-cajas-seguridad-blindadas-uso-bocas-cobranza-municipales-1.html
ocds-03ad3f-427189-1,RENOVACION DE CERTIFICADOS DIGITALES,complete,goods,Contratación Directa,Municipalidad de Asunción,33376411,25032308,25032308,PYG,1,1,JUAN CARLOS LOPEZ AGUAYO,JUAN CARLOS LOPEZ AGUAYO,2023-07-18T15:14:49-04:00,2023-09-08T12:00:00-04:00,2023-10-04T12:00:00-04:00,https://www.contrataciones.gov.py/licitaciones/convocatoria/427189-renovacion-certificados-digitales-1.html
ocds-03ad3f-423114-1,ADQUISICION DE MEZCLA ASFALTICA EN FRIO PARA LA DIRECCION DE VIALIDAD - PLURIANUAL,complete,goods,Licitación Pública Nacional,Municipalidad de Asunción,1160004000,1128000000,1128000000,PYG,1,1,ORTELLADO TONIOLO  S.A.,ORTELLADO TONIOLO  S.A.,2023-06-06T15:44:03-04:00,2023-08-22T12:00:00-04:00,2023-09-18T12:00:00-04:00,https://www.contrataciones.gov.py/licitaciones/convocatoria/423114-adquisicion-mezcla-asfaltica-frio-direccion-vialidad-plurianual-1.html
ocds-03ad3f-425855-1,Adquisición de Equipos Recreativos para el Centro de Desarrollo Infantil de la Junta Municipal de Asunción,cancelled,goods,Contratación Directa,Municipalidad de Asunción,66141750,,,PYG,0,0,,,2023-04-18T12:24:39-04:00,,,https://www.contrataciones.gov.py/licitaciones/convocatoria/425855-adquisicion-equipos-recreativos-centro-desarrollo-infantil-junta-municipal-asuncion-1.html
ocds-03ad3f-427274-1,ADQUISICIÓN DE ZAPATONES PARA FUNCIONARIOS DE LA TERMINAL DE OMNIBUS DE ASUNCIÓN ,complete,goods,Contratación Directa,Municipalidad de Asunción,13193180,,,PYG,0,0,,,2023-09-27T15:38:27-04:00,,,https://www.contrataciones.gov.py/licitaciones/convocatoria/427274-adquisicion-zapatones-funcionarios-terminal-omnibus-asuncion-1.html
ocds-03ad3f-427281-1,SERVICIO DE RECARGA DE EXTINTORES DE LA TERMINAL DE OMNIBUS DE ASUNCIÓN ,complete,services,Contratación Directa,Municipalidad de Asunción,39500000,,,PYG,0,0,,,2023-09-28T10:49:56-04:00,,,https://www.contrataciones.gov.py/licitaciones/convocatoria/427281-servicio-recarga-extintores-terminal-omnibus-asuncion-1.html
ocds-03ad3f-414388-1,ADQUISICIÓN DE RETROEXCAVADORA PARA LA DIRECCIÓN DE VIALIDAD,complete,goods,Licitación Pública Nacional,Municipalidad de Asunción,1531727334,1234000000,1234000000,PYG,1,1,PROYEC S.A.E,PROYEC S.A.E,2023-02-20T11:29:28-04:00,2023-09-06T12:00:00-04:00,2023-10-11T12:00:00-04:00,https://www.contrataciones.gov.py/licitaciones/convocatoria/414388-adquisicion-retroexcavadora-direccion-vialidad-1.html
ocds-03ad3f-410890-1,ADQUISICIÓN E INSTALACIÓN DE SISTEMA CIRCUITO CERRADO PARA EL INSTITUTO MUNICIPAL DE ARTE,complete,goods,Contratación Directa,Municipalidad de Asunción,99282118,100500000,100500000,PYG,1,1,Vgo Ingenieria S.A.,Vgo Ingenieria S.A.,2023-02-09T14:19:43-04:00,2023-08-17T12:00:00-04:00,2023-10-23T12:00:00-04:00,https://www.contrataciones.gov.py/licitaciones/convocatoria/410890-adquisicion-e-instalacion-sistema-circuito-cerrado-instituto-municipal-arte-1.html
ocds-03ad3f-405075-1,ADQUISICION DE PELOTAS PARA LA DIRECCION DE JUVENTUD Y DEPORTES,complete,goods,Contratación Directa,Municipalidad de Asunción,19706185,19574945,19574945,PYG,1,1,SALOTEX S.R.L.,SALOTEX S.R.L.,2022-10-10T16:43:55-04:00,2022-12-26T12:00:00-04:00,2023-01-27T12:00:00-04:00,https://www.contrataciones.gov.py/licitaciones/convocatoria/405075-adquisicion-pelotas-direccion-juventud-deportes-1.html
ocds-03ad3f-388887-1,SERVICIO DE AUDITORIA EXTERNA EN EL MARCO DE LA EJECUCIÓN DE LA ASISTENCIA FINANCIERA DEL GOBIERNO DEL JAPÓN,complete,services,Contratación Directa,Municipalidad de Asunción,16333333,15000000,15000000,PYG,1,1,Ricardo Roman Olmedo Almiron,Ricardo Roman Olmedo Almiron,2023-06-06T16:14:22-04:00,2023-10-11T12:00:00-04:00,2023-11-14T12:00:00-04:00,https://www.contrataciones.gov.py/licitaciones/convocatoria/388887-servicio-auditoria-externa-marco-ejecucion-asistencia-financiera-gobierno-japon-1.html
ocds-03ad3f-409962-2,ADQUISICION DE BANDERAS Y LIENZOS - SEGUNDO LLAMADO,complete,goods,Contratación Directa,Municipalidad de Asunción,176000000,176000000,176000000,PYG,1,1,INVERSIONES PARAGUAY SRL (INVEPAR SRL) ,INVERSIONES PARAGUAY SRL (INVEPAR SRL) ,2023-05-16T12:15:08-04:00,2023-09-22T12:00:00-04:00,2023-11-02T12:00:00-04:00,https://www.contrataciones.gov.py/licitaciones/convocatoria/409962-adquisicion-banderas-lienzos-segundo-llamado-3.html
ocds-03ad3f-416849-1,SERVICIO DE MANTENIMIENTO Y SOPORTE TECNICO DE LA INFRAESTRUCTURA DEL CENTRO AVANZADO DE GESTION DE TRAFICO (ATMS),complete,services,Contratación por Excepción,Municipalidad de Asunción,800000000,800000000,800000000,PYG,1,1,COMTEL SOCIEDAD ANÓNIMA,COMTEL SOCIEDAD ANÓNIMA,2022-10-14T15:43:35-04:00,2022-11-23T12:00:00-04:00,2023-04-21T12:00:00-04:00,https://www.contrataciones.gov.py/licitaciones/convocatoria/416849-servicio-mantenimiento-soporte-tecnico-infraestructura-centro-avanzado-gestion-trafi-1.html
ocds-03ad3f-425857-1,ADQUISISICION DE MATERIALES CONSTRUCCION PARA EL JBZA ,complete,goods,Contratación Directa,Municipalidad de Asunción,140723728,135581540,135581540,PYG,1,1,19 DE ENERO S.R.L.,19 DE ENERO S.R.L.,2023-08-18T15:04:22-04:00,2023-11-14T12:00:00-04:00,2023-11-24T12:00:00-04:00,https://www.contrataciones.gov.py/licitaciones/convocatoria/425857-adquisisicion-materiales-construccion-jbza-1.html
ocds-03ad3f-433793-1,ADQUISICION DE ESCOBILLONES PARA LA DIRECCION DE VIALIDAD,complete,goods,Contratación Directa,Municipalidad de Asunción,184147200,184146000,184146000,PYG,1,1,JOSE ARNALDO PEREIRA CARDENA,JOSE ARNALDO PEREIRA CARDENA,2023-09-28T11:43:20-04:00,2023-11-22T12:00:00-04:00,2023-12-12T12:00:00-04:00,https://www.contrataciones.gov.py/licitaciones/convocatoria/433793-adquisicion-escobillones-direccion-vialidad-1.html
ocds-03ad3f-417829-1,ADQUISICION DE ARTICULOS ELECTRICOS PARA TRABAJOS DE MANTENIMIENTO EN LA COSTANERA DE ASUNCION,complete,goods,Contratación Directa,Municipalidad de Asunción,192822600,163166595,163166595,PYG,1,1,EMPORIO FERRETERIA S.R.L.,EMPORIO FERRETERIA S.R.L.,2023-07-21T15:58:19-04:00,2023-11-06T12:00:00-04:00,2023-12-04T12:00:00-04:00,https://www.contrataciones.gov.py/licitaciones/convocatoria/417829-adquisicion-articulos-electricos-trabajos-mantenimiento-costanera-asuncion-1.html
ocds-03ad3f-432732-1,ADQUISICION DE PAPELERAS URBANAS DE CESTAS BASCULANTES PARA LA DIRECCION DE SERVICIOS URBANOS,complete,goods,Contratación Directa,Municipalidad de Asunción,195500000,170000000,170000000,PYG,1,1,PRESTIGIO DEL SUR S.R.L,PRESTIGIO DEL SUR S.R.L,2023-07-27T10:01:54-04:00,2023-11-06T12:00:00-04:00,2023-12-04T12:00:00-04:00,https://www.contrataciones.gov.py/licitaciones/convocatoria/432732-adquisicion-papeleras-urbanas-cestas-basculantes-direccion-servicios-urbanos-1.html
ocds-03ad3f-432943-1,SERVICIO DE CATERING PARA EL CONGRESO DE COMISIONES VECINALES DE LA CIUDAD DE ASUNCION,cancelled,services,Contratación Directa,Municipalidad de Asunción,83391260,,,PYG,0,0,,,2023-11-01T11:27:12-04:00,,,https://www.contrataciones.gov.py/licitaciones/convocatoria/432943-servicio-catering-congreso-comisiones-vecinales-ciudad-asuncion-1.html
ocds-03ad3f-433589-1,ADQUISICION DE ZAPATONES PARA LA DIRECCION DE VIALIDAD,cancelled,goods,Contratación por Excepción,Municipalidad de Asunción,64766940,,,PYG,0,0,,,2023-11-03T14:55:20-04:00,,,https://www.contrataciones.gov.py/licitaciones/convocatoria/433589-adquisicion-zapatones-direccion-vialidad-1.html
ocds-03ad3f-424044-1,MANTENIMIENTO Y REPARACION DE PISOS DE ESPACIOS PUBLICOS - 2DO. LLAMADO,cancelled,services,Contratación Directa,Municipalidad de Asunción,196000000,,,PYG,0,0,,,2023-04-13T12:53:53-04:00,,,https://www.contrataciones.gov.py/licitaciones/convocatoria/424044-mantenimiento-reparacion-pisos-espacios-publicos-2do-llamado-1.html
ocds-03ad3f-410927-1,CONSULTORIA INDIVIDUAL PARA ELABORACION DEL PLAN MUNICIPAL DE LA NIÑEZ Y ADOLESCENCIA,unsuccessful,services,Contratación Directa,Municipalidad de Asunción,20333333,,,PYG,0,0,,,2023-10-03T20:07:10-04:00,,,https://www.contrataciones.gov.py/licitaciones/convocatoria/410927-consultoria-individual-elaboracion-plan-municipal-ninez-adolescencia-1.html
ocds-03ad3f-420871-1,CD N° 12/2022 PROVISION DE LECHE PARA FUNCIONARIOS DE LA JUNTA MUNICIPAL DE ASUNCION - AD REFERENDUM,complete,goods,Contratación Directa,Municipalidad de Asunción,196000000,196000000,196000000,PYG,1,1,COOPERATIVA COLONIAS UNIDAS AGROPECUARIA IND. LTDA.,COOPERATIVA COLONIAS UNIDAS AGROPECUARIA IND. LTDA.,2023-02-07T07:48:41-04:00,2023-05-23T12:00:00-04:00,2023-06-20T12:00:00-04:00,https://www.contrataciones.gov.py/licitaciones/convocatoria/420871-cd-n-12-2022-provision-leche-funcionarios-junta-municipal-asuncion-ad-referendum-1.html
ocds-03ad3f-430236-1,SERVICIO DE IMPRESIONES PARA LA DIRECCION GENERAL DE COMUNICACION,complete,services,Contratación Directa,Municipalidad de Asunción,189650000,189650000,189650000,PYG,1,1,EDUARDO EULOGIO VERON CARDOZO,EDUARDO EULOGIO VERON CARDOZO,2023-06-08T11:37:32-04:00,2023-10-26T12:00:00-04:00,2023-11-20T12:00:00-04:00,https://www.contrataciones.gov.py/licitaciones/convocatoria/430236-servicio-impresiones-direccion-general-comunicacion-1.html
ocds-03ad3f-425056-1,ADQUISICION DE HERRAMIENTAS MENORES PARA LA DIRECCION DE VIALIDAD,complete,goods,Contratación Directa,Municipalidad de Asunción,194226385,193220000,193220000,PYG,1,1,JOSE ARNALDO PEREIRA CARDENA,JOSE ARNALDO PEREIRA CARDENA,2023-08-08T12:45:15-04:00,2023-11-20T12:00:00-04:00,2023-12-12T12:00:00-04:00,https://www.contrataciones.gov.py/licitaciones/convocatoria/425056-adquisicion-herramientas-menores-direccion-vialidad-1.html
ocds-03ad3f-431793-1,ALQUILER DE INMUEBLE PARA FUNCIONAMIENTO DEL CENTRO MUNICIPAL Nº 1 ITA YBATE - PLURIANUAL,complete,services,Locación de Inmuebles,Municipalidad de Asunción,84000000,84000000,84000000,PYG,1,1,CLUB DE LEONES DE ASUNCION - BARRIO TACUMBÚ ,CLUB DE LEONES DE ASUNCION - BARRIO TACUMBÚ ,2023-11-24T14:44:17-04:00,2023-11-24T14:44:17-04:00,2023-11-23T12:00:00-04:00,https://www.contrataciones.gov.py/licitaciones/convocatoria/431793-alquiler-inmueble-funcionamiento-centro-municipal-n-1-ita-ybate-plurianual-1.html
